{
    "uvs": [],
    "vertices": [1,0.005087,-3.01383,1,0.005088,3.01013,-1,0.005088,3.01013,-1,0.005087,-3.01383,1,0.056821,-3.01383,0.999999,0.056822,3.01013,-1,0.056822,3.01013,-1,0.056821,-3.01383,-0.961341,0.056821,-3.01383,-0.961342,0.056822,3.01013,-0.961341,5.0837,-3.01383,-0.961342,5.0837,3.01013,-1,5.0837,-3.01383,-1,5.0837,3.01013,-0.961342,1.94571,2.96037,-0.961341,1.94571,-0.157538,-0.961342,2.09919,2.96037,-0.961341,2.09919,-0.157538,0.402826,2.09919,2.96037,0.402826,1.94571,2.96037,0.402826,1.94571,-0.157537,0.402826,2.09919,-0.157537,0.998629,0.056822,3.01013,-0.961341,0.056822,1.36362,0.998629,0.056822,1.36362,-0.961342,1.02676,3.01013,-0.961341,1.02676,1.36362,0.998629,1.02676,1.36362,0.998629,4.03831,2.96147,-0.961342,1.02676,2.96147,0.998629,1.02676,2.96147,-0.961342,4.03831,3.01013,-0.961342,4.03831,2.96147,0.998629,4.03831,3.01013,0.01933,0.056821,-3.01383,0.999314,0.056822,3.01013,-0.961341,0.056821,-0.825104,1,0.056822,-0.00185,0.998629,0.056822,2.18688,0.018644,0.056822,1.36362,-0.961341,5.05149,-3.01383,-1,5.05149,-3.01383,-0.961342,5.05149,3.01013,-1,5.05149,3.01013,1.00814,5.08371,-3.01383,1.00814,5.08371,3.01013,1.00814,5.0515,-3.01383,1.00814,5.0515,3.01013,-0.961341,5.0837,-2.95958,-0.961341,5.05149,-2.96983,1.00814,5.08371,-2.95958,1.00814,5.0515,-2.96983,-0.961338,1.15127,-3.01383,1.00815,1.15128,-3.01383,-0.961338,1.15127,-2.96983,1.00815,1.15128,-2.96983,1.00814,5.0515,-1.59091,1.00814,2.22831,-1.59091,1.00814,2.22831,-2.96983,-0.961339,2.2283,-2.96983,-0.961341,5.05149,-1.59091,-0.961339,2.2283,-1.59091,-0.961341,5.05149,-0.906295,-0.874378,5.0515,3.01013,-0.874378,5.0515,-0.906295,-0.96134,2.10186,-0.906295,-0.961341,2.10186,3.01013,-0.874377,2.10187,3.01013,-0.874377,2.10187,-0.906295],
    "faces": [33,0,1,2,3,0,1,2,3,32,27,24,39,4,4,5,32,39,23,26,5,6,7,32,39,26,27,5,7,4,32,1,0,4,1,0,8,32,4,37,5,8,9,10,32,4,5,1,8,10,1,33,2,6,7,3,2,11,12,3,32,34,4,0,5,8,0,32,0,3,7,0,3,12,32,7,8,34,12,13,5,32,0,7,34,0,12,5,32,11,16,17,14,15,4,32,15,14,9,16,17,18,32,10,11,17,19,14,4,32,15,9,23,16,18,6,32,10,17,15,19,4,16,32,36,8,10,9,13,19,32,15,23,36,16,6,9,32,15,36,10,16,9,19,33,12,13,43,41,20,21,8,10,33,8,7,12,10,13,12,20,19,33,7,6,13,12,12,11,21,20,32,13,6,9,21,11,18,32,9,14,16,18,17,15,32,16,11,13,15,14,21,32,9,16,13,18,15,21,33,14,15,20,19,17,16,16,22,33,19,20,21,18,22,16,4,23,33,16,14,19,18,15,17,22,23,33,17,16,18,21,4,15,23,4,33,15,17,21,20,16,4,4,16,33,30,29,32,28,4,24,25,4,32,22,33,31,26,23,27,32,5,35,22,10,28,26,32,2,1,5,2,1,10,32,9,6,2,18,11,2,32,31,25,9,27,29,18,32,2,5,22,2,10,26,32,22,31,9,26,27,18,32,22,9,2,26,18,2,32,26,23,9,7,6,18,32,9,25,29,18,29,24,32,9,29,26,18,24,7,32,30,28,33,4,4,23,32,24,27,30,4,4,4,32,30,33,22,4,23,26,32,38,24,30,9,4,4,32,30,22,38,4,26,9,32,37,4,34,9,8,5,32,34,8,36,5,13,9,32,36,23,39,9,6,5,32,24,38,22,4,9,26,32,36,39,24,9,5,4,32,37,34,36,9,5,9,32,35,5,37,28,10,9,32,24,22,35,4,26,28,32,37,36,24,9,9,4,32,24,35,37,4,28,9,33,27,26,29,30,4,7,24,4,33,28,32,31,33,4,25,27,23,33,29,25,31,32,24,29,27,25,32,62,40,41,30,31,10,32,41,43,42,10,8,32,32,41,42,62,10,32,30,33,10,12,41,40,19,20,10,31,33,13,11,42,43,21,14,32,8,33,44,10,48,50,33,19,34,35,33,45,44,46,47,36,33,8,37,32,63,42,11,38,32,14,32,11,45,47,14,36,37,32,11,47,63,14,37,38,33,11,10,44,45,14,19,33,36,33,48,49,51,50,34,39,40,35,33,46,44,50,51,8,33,35,40,33,10,40,49,48,19,31,39,34,32,53,46,51,41,8,40,32,51,58,55,40,42,43,32,51,55,53,40,43,41,33,52,53,55,54,36,41,43,44,33,51,49,60,56,40,39,45,10,33,40,46,53,52,31,8,41,36,32,59,49,40,46,39,31,32,40,52,54,31,36,44,32,40,54,59,31,44,46,33,49,59,61,60,39,46,47,45,33,56,60,61,57,10,45,47,43,33,58,51,56,57,42,40,10,43,33,58,59,54,55,42,46,44,43,33,59,58,57,61,46,42,43,47,33,62,42,66,65,30,32,48,49,33,65,66,67,68,49,48,37,45,33,64,62,65,68,50,30,49,45,33,42,63,67,66,32,38,37,48,33,63,64,68,67,38,50,45,37,32,46,40,62,8,31,30,32,64,63,47,50,38,37,32,46,62,64,8,30,50,32,64,47,46,50,37,8],
    "metadata": {
        "uvs": 0,
        "type": "Geometry",
        "vertices": 69,
        "version": 3,
        "normals": 51,
        "faces": 99,
        "generator": "io_three"
    },
    "normals": [0.577349,-0.577319,-0.577349,0.577349,-0.577349,0.577319,-0.577319,-0.577349,0.577349,-0.577319,-0.577319,-0.577349,0.577349,0.577349,-0.577349,0,0.707083,-0.707083,0.577258,0.57738,-0.57738,-0.577349,0.577349,-0.577349,0.577349,0.577349,-0.577319,0.707083,0.707083,0,0.577319,0.577349,0.577349,-0.619617,0,0.784875,-0.707083,0,-0.707083,0.301523,0.301523,-0.904508,0.708365,-0.459365,-0.535874,0.596393,0.282632,0.751244,0.577349,-0.577349,-0.577349,0.597552,-0.282815,0.750267,0.280557,0,0.959807,0.889431,-0.378674,0.255898,0.853023,0.469558,-0.227668,0.957427,0,-0.288583,0.577349,-0.577349,0.577349,0.577349,0.577349,0.577349,-0.904508,0.301492,-0.301492,-0.577319,0.577349,-0.577349,0.577288,0.57741,0.577288,-0.577349,0.577349,0.577349,0,0.707083,0.707083,-0.707144,0,0.707053,0.301523,0.904508,0.301523,-0.707083,0.707083,0,0.301492,0.301492,-0.904508,0,0.988617,-0.150365,-0.562853,0.487869,0.667196,0.562853,0.487869,0.667196,-0.577319,-0.577349,-0.577349,-0.577349,0.577319,-0.577349,-0.301523,0.301523,-0.904508,-0.938047,0.204505,0.279672,0.938047,0.204505,0.279672,0.577349,-0.577349,-0.577319,0.904508,-0.301492,0.301492,0.577349,-0.577319,0.577349,-0.577349,-0.577349,0.577319,-0.577349,0.577319,0.577349,-0.904508,-0.301492,0.301492,-0.577349,-0.577349,0.577349,0.577319,0.577349,-0.577319,0.577319,0.577349,0.577319,-0.577349,0.577349,0.577319],
    "name": "CubeGeometry"
}